Risorse;Data
C058;2025-04-28
C065;2025-04-28
C091;2025-04-28
C115;2025-04-29
B205;2025-04-30
C008;2025-04-30
C047;2025-04-30
C050;2025-04-30
C057;2025-04-30
C068;2025-04-30
C105;2025-04-30
C116;2025-04-30
C117;2025-04-30
C124;2025-04-30
C128;2025-04-30
C133;2025-04-30
C134;2025-04-30
B220;2025-05-01
B242;2025-05-01
B253;2025-05-01
C002;2025-05-01
C007;2025-05-01
C010;2025-05-01
C011;2025-05-01
C012;2025-05-01
C013;2025-05-01
C016;2025-05-01
C018;2025-05-01
C019;2025-05-01
C021;2025-05-01
C027;2025-05-01
C028;2025-05-01
C032;2025-05-01
C035;2025-05-01
C037;2025-05-01
C042;2025-05-01
C044;2025-05-01
C045;2025-05-01
C052;2025-05-01
C066;2025-05-01
C067;2025-05-01
C070;2025-05-01
C074;2025-05-01
C075;2025-05-01
C076;2025-05-01
C078;2025-05-01
C085;2025-05-01
C086;2025-05-01
C087;2025-05-01
C089;2025-05-01
C101;2025-05-01
C102;2025-05-01
C110;2025-05-01
C113;2025-05-01
C114;2025-05-01
C129;2025-05-01
C138;2025-05-01
C140;2025-05-01
C144;2025-05-01
C001;2025-05-02
C069;2025-05-02
C122;2025-05-02
B201;2025-05-05
B202;2025-05-05
B203;2025-05-05
C063;2025-05-06
B213;2025-05-13
C119;2025-05-24
C148;2025-05-24
C149;2025-05-24
B200;2025-05-27
B204;2025-05-27
B206;2025-05-27
B207;2025-05-27
B212;2025-05-27
B217;2025-05-27
B218;2025-05-27
B223;2025-05-27
B226;2025-05-27
B227;2025-05-27
B228;2025-05-27
B229;2025-05-27
B230;2025-05-27
B231;2025-05-27
B236;2025-05-27
B240;2025-05-27
B247;2025-05-27
B257;2025-05-27
B258;2025-05-27
C020;2025-05-27
C071;2025-05-27